{
  "name": "user_tour_name,block_learnerscript",
  "description": "user_tour_dec,block_learnerscript",
  "pathmatch": "/blocks/learnerscript/editreport.php%",
  "enabled": "1",
  "sortorder": "2",
  "configdata": "{\"placement\":\"bottom\",\"orphan\":\"0\",\"backdrop\":\"0\",\"reflex\":\"0\",\"filtervalues\":{\"role\":[\"-1\"],\"theme\":[]},\"majorupdatetime\":1526966265}",
  "version": "2017051500",
  "steps": [
    {
      "title": "user_tour_report_name,block_learnerscript",
      "content": "user_tour_report_content,block_learnerscript",
      "targettype": "0",
      "targetvalue": "#id_name",
      "sortorder": "0",
      "configdata": "{}"
    },
    {
      "title": "user_tour_report_type,block_learnerscript",
      "content": "user_tour_report_type_content,block_learnerscript",
      "targettype": "0",
      "targetvalue": "#id_type",
      "sortorder": "1",
      "configdata": "{}"
    },
    {
      "title": "user_tour_report_sql_query,block_learnerscript",
      "content": "user_tour_report_sql_query_content,block_learnerscript",
      "targettype": "0",
      "targetvalue": "#id_querysql",
      "sortorder": "2",
      "configdata": "{}"
    }
  ]
}