<?xml version="1.0" encoding="UTF-8" ?>
<report version="2024050701"><visible><![CDATA[1]]></visible>
<name><![CDATA[Graded activities summary]]></name>
<summary><![CDATA[]]></summary>
<type><![CDATA[gradedactivity]]></type>
<components><![CDATA[eyJwZXJtaXNzaW9ucyI6eyJjb25maWciOnsiY29uZGl0aW9uZXhwcjEiOiIiLCJjb25kaXRpb25leHByMiI6IiIsImNvbmRpdGlvbmV4cHIiOiIifX19]]></components>
<export><![CDATA[pdf,csv,xls,ods]]></export>
<global><![CDATA[1]]></global>
<lastexecutiontime><![CDATA[]]></lastexecutiontime>
<disabletable><![CDATA[0]]></disabletable>
</report>