<?xml version="1.0"?>
<libraries>
      <library>
        <location>css/flatpickr.min.css</location>
        <name>flatpickr</name>
        <description>Flatpickr CSS</description>
        <version>4.6.13</version>
        <license>MIT</license>
        <repository>https://cdnjs.cloudflare.com/ajax/libs/flatpickr/4.6.13/flatpickr.min.css</repository>
        <copyrights>
            <copyright>2024 cdnjs</copyright>
        </copyrights>
        <customised/>
      </library>
    <library>
        <location>css/radioslider/radios-to-slider.min.css</location>
        <name>radios-to-slider</name>
        <description>jquery plugin to create a slider using a list of radio buttons</description>
        <version>0.3.1</version>
        <license>MIT</license>
        <repository>https://github.com/rubentd/radios-to-slider/tree/master</repository>
        <copyrights>
            <copyright>2014 Ruben Torres</copyright>
        </copyrights>
        <customised/>
    </library>
</libraries>
