<br />
<b>Deprecated</b>:  base64_encode(): Passing null to parameter #1 ($string) of type string is deprecated in <b>/var/www/html/ls44_contribute/blocks/learnerscript/export.php</b> on line <b>71</b><br />
<?xml version="1.0" encoding="UTF-8" ?>
<report version="2024050701"><visible><![CDATA[1]]></visible>
<name><![CDATA[Resource summary]]></name>
<summary><![CDATA[]]></summary>
<type><![CDATA[resources_accessed]]></type>
<components><![CDATA[]]></components>
<export><![CDATA[]]></export>
<global><![CDATA[1]]></global>
<lastexecutiontime><![CDATA[]]></lastexecutiontime>
<disabletable><![CDATA[0]]></disabletable>
</report>