<?xml version="1.0" encoding="UTF-8" ?>
<report version="2024050701"><visible><![CDATA[1]]></visible>
<name><![CDATA[Resource summary]]></name>
<summary><![CDATA[]]></summary>
<type><![CDATA[resources_accessed]]></type>
<components><![CDATA[eyJjb2x1bW5zIjp7ImVsZW1lbnRzIjpbXX0sImZpbHRlcnMiOnsiZWxlbWVudHMiOltdfSwiY2FsY3VsYXRpb25zIjp7ImVsZW1lbnRzIjpudWxsfSwib3JkZXJpbmciOnsiZWxlbWVudHMiOm51bGx9fQ==]]></components>
<export><![CDATA[]]></export>
<global><![CDATA[1]]></global>
<lastexecutiontime><![CDATA[0]]></lastexecutiontime>
<disabletable><![CDATA[0]]></disabletable>
</report>